EmployeeID,Name,MobileNumber,Email,Department,DateofBirth,Location,Salary
15020095-b6de-4845-96f5-a23a8f61cd80,Name-15020095,69,Email-15020095,Department-15020095,2007-07-04,Location-15020095,1393981.95
15020096-ff2d-4937-8521-3d6646fa9bf3,Name-15020096,99,Email-15020096,Department-15020096,2010-10-04,Location-15020096,6375984.69
15020097-e6e3-4636-9e98-6f86b3ea69a4,Name-15020097,16,Email-15020097,Department-15020097,2015-09-13,Location-15020097,4269877.52
15020098-99c7-4a63-b3fa-4fefc795f7cd,Name-15020098,82,Email-15020098,Department-15020098,2017-07-11,Location-15020098,3240638.4
15020099-b637-4212-bf0d-df1df40cac39,Name-15020099,39,Email-15020099,Department-15020099,2012-09-12,Location-15020099,4446459.56
15020100-8e99-4340-989d-50fd63ebea05,Name-15020100,63,Email-15020100,Department-15020100,2018-06-05,Location-15020100,6018516.45
15020101-99d7-4c52-ad29-3cce46de72bd,Name-15020101,95,Email-15020101,Department-15020101,2012-12-13,Location-15020101,6500310.43
15020102-06aa-4392-baaa-8f588f1e45de,Name-15020102,82,Email-15020102,Department-15020102,2003-08-22,Location-15020102,1756777.67
15020103-0d46-4d02-b3cf-2194ee491f66,Name-15020103,35,Email-15020103,Department-15020103,2022-07-08,Location-15020103,3398925.52
15020104-4095-4d5d-8623-30a5ca36e1d9,Name-15020104,90,Email-15020104,Department-15020104,2021-07-26,Location-15020104,1678734.8